#;$id;libellé SEDA;libellé anglais
type;url;string;string
lang;;seda;en
url;skos:Concept;skos:prefLabel;skos:prefLabel
;;application/1d-interleaved-parityfec;1d-interleaved-parityfec
;;application/3gpp-ims+xml;3gpp-ims+xml
;;application/activemessage;activemessage
;;application/andrew-inset;andrew-inset
;;application/applefile;applefile
;;application/atom+xml;atom+xml
;;application/atomicmail;atomicmail
;;application/atomcat+xml;atomcat+xml
;;application/atomsvc+xml;atomsvc+xml
;;application/auth-policy+xml;auth-policy+xml
;;application/batch-SMTP;batch-SMTP
;;application/beep+xml;beep+xml
;;application/cals-1840;cals-1840
;;application/ccxml+xml;ccxml+xml
;;application/cdmi-capability;cdmi-capability
;;application/cdmi-container;cdmi-container
;;application/cdmi-domain;cdmi-domain
;;application/cdmi-object;cdmi-object
;;application/cdmi-queue;cdmi-queue
;;application/cea-2018+xml;cea-2018+xml
;;application/cellml+xml;cellml+xml
;;application/cnrp+xml;cnrp+xml
;;application/commonground;commonground
;;application/conference-info+xml;conference-info+xml
;;application/cpl+xml;cpl+xml
;;application/csta+xml;csta+xml
;;application/CSTAdata+xml;CSTAdata+xml
;;application/cybercash;cybercash
;;application/davmount+xml;davmount+xml
;;application/dca-rft;dca-rft
;;application/dec-dx;dec-dx
;;application/dialog-info+xml;dialog-info+xml
;;application/dicom;dicom
;;application/dns;dns
;;application/dskpp+xml;dskpp+xml
;;application/dssc+der;dssc+der
;;application/dssc+xml;dssc+xml
;;application/dvcs;dvcs
;;application/ecmascript;ecmascript
;;application/EDI-Consent;EDI-Consent
;;application/EDIFACT;EDIFACT
;;application/EDI-X12;EDI-X12
;;application/emma+xml;emma+xml
;;application/epp+xml;epp+xml
;;application/eshop;eshop
;;application/example;example
;;application/exi;exi
;;application/fastinfoset;fastinfoset
;;application/fastsoap;fastsoap
;;application/fits;fits
;;application/font-tdpfr;font-tdpfr
;;application/H224;H224
;;application/held+xml;held+xml
;;application/http;http
;;application/hyperstudio;hyperstudio
;;application/ibe-key-request+xml;ibe-key-request+xml
;;application/ibe-pkg-reply+xml;ibe-pkg-reply+xml
;;application/ibe-pp-data;ibe-pp-data
;;application/iges;iges
;;application/im-iscomposing+xml;im-iscomposing+xml
;;application/index;index
;;application/index.cmd;index.cmd
;;application/index.obj;index.obj
;;application/index.response;index.response
;;application/index.vnd;index.vnd
;;application/iotp;iotp
;;application/ipfix;ipfix
;;application/ipp;ipp
;;application/isup;isup
;;application/javascript;javascript
;;application/json;json
;;application/kpml-request+xml;kpml-request+xml
;;application/kpml-response+xml;kpml-response+xml
;;application/lost+xml;lost+xml
;;application/mac-binhex40;mac-binhex40
;;application/macwriteii;macwriteii
;;application/mads+xml;mads+xml
;;application/marc;marc
;;application/marcxml+xml;marcxml+xml
;;application/mathematica;mathematica
;;application/mathml-content+xml;mathml-content+xml
;;application/mathml-presentation+xml;mathml-presentation+xml
;;application/mathml+xml;mathml+xml
;;application/mbms-associated-procedure-description+xml;mbms-associated-procedure-description+xml
;;application/mbms-deregister+xml;mbms-deregister+xml
;;application/mbms-envelope+xml;mbms-envelope+xml
;;application/mbms-msk-response+xml;mbms-msk-response+xml
;;application/mbms-msk+xml;mbms-msk+xml
;;application/mbms-protection-description+xml;mbms-protection-description+xml
;;application/mbms-reception-report+xml;mbms-reception-report+xml
;;application/mbms-register-response+xml;mbms-register-response+xml
;;application/mbms-register+xml;mbms-register+xml
;;application/mbms-user-service-description+xml;mbms-user-service-description+xml
;;application/mbox;mbox
;;application/media_control+xml;media_control+xml
;;application/mediaservercontrol+xml;mediaservercontrol+xml
;;application/metalink4+xml;metalink4+xml
;;application/mets+xml;mets+xml
;;application/mikey;mikey
;;application/mods+xml;mods+xml
;;application/moss-keys;moss-keys
;;application/moss-signature;moss-signature
;;application/mosskey-data;mosskey-data
;;application/mosskey-request;mosskey-request
;;application/mp21;mp21
;;application/mpeg4-generic;mpeg4-generic
;;application/mpeg4-iod;mpeg4-iod
;;application/mpeg4-iod-xmt;mpeg4-iod-xmt
;;application/mp4;mp4
;;application/msc-ivr+xml;msc-ivr+xml
;;application/msc-mixer+xml;msc-mixer+xml
;;application/msword;msword
;;application/mxf;mxf
;;application/nasdata;nasdata
;;application/news-checkgroups;news-checkgroups
;;application/news-groupinfo;news-groupinfo
;;application/news-transmission;news-transmission
;;application/nss;nss
;;application/ocsp-request;ocsp-request
;;application/ocsp-response;ocsp-response
;;application/octet-stream;octet-stream
;;application/oda;oda
;;application/oebps-package+xml;oebps-package+xml
;;application/ogg;ogg
;;application/parityfec;parityfec
;;application/patch-ops-error+xml;patch-ops-error+xml
;;application/pdf;pdf
;;application/pgp-encrypted;pgp-encrypted
;;application/pgp-keys;pgp-keys
;;application/pgp-signature;pgp-signature
;;application/pidf+xml;pidf+xml
;;application/pidf-diff+xml;pidf-diff+xml
;;application/pkcs10;pkcs10
;;application/pkcs7-mime;pkcs7-mime
;;application/pkcs7-signature;pkcs7-signature
;;application/pkcs8;pkcs8
;;application/pkix-attr-cert;pkix-attr-cert
;;application/pkix-cert;pkix-cert
;;application/pkixcmp;pkixcmp
;;application/pkix-crl;pkix-crl
;;application/pkix-pkipath;pkix-pkipath
;;application/pls+xml;pls+xml
;;application/poc-settings+xml;poc-settings+xml
;;application/postscript;postscript
;;application/prs.alvestrand.titrax-sheet;prs.alvestrand.titrax-sheet
;;application/prs.cww;prs.cww
;;application/prs.nprend;prs.nprend
;;application/prs.plucker;prs.plucker
;;application/prs.rdf-xml-crypt;prs.rdf-xml-crypt
;;application/prs.xsf+xml;prs.xsf+xml
;;application/pskc+xml;pskc+xml
;;application/rdf+xml;rdf+xml
;;application/qsig;qsig
;;application/reginfo+xml;reginfo+xml
;;application/relax-ng-compact-syntax;relax-ng-compact-syntax
;;application/remote-printing;remote-printing
;;application/resource-lists-diff+xml;resource-lists-diff+xml
;;application/resource-lists+xml;resource-lists+xml
;;application/riscos;riscos
;;application/rlmi+xml;rlmi+xml
;;application/rls-services+xml;rls-services+xml
;;application/rtf;rtf
;;application/rtx;rtx
;;application/samlassertion+xml;samlassertion+xml
;;application/samlmetadata+xml;samlmetadata+xml
;;application/sbml+xml;sbml+xml
;;application/scvp-cv-request;scvp-cv-request
;;application/scvp-cv-response;scvp-cv-response
;;application/scvp-vp-request;scvp-vp-request
;;application/scvp-vp-response;scvp-vp-response
;;application/sdp;sdp
;;application/set-payment;set-payment
;;application/set-payment-initiation;set-payment-initiation
;;application/set-registration;set-registration
;;application/set-registration-initiation;set-registration-initiation
;;application/sgml;sgml
;;application/sgml-open-catalog;sgml-open-catalog
;;application/shf+xml;shf+xml
;;application/sieve;sieve
;;application/simple-filter+xml;simple-filter+xml
;;application/simple-message-summary;simple-message-summary
;;application/simpleSymbolContainer;simpleSymbolContainer
;;application/slate;slate
;;application/smil(OBSOLETE);smil(OBSOLETE)
;;application/smil+xml;smil+xml
;;application/soap+fastinfoset;soap+fastinfoset
;;application/soap+xml;soap+xml
;;application/sparql-query;sparql-query
;;application/sparql-results+xml;sparql-results+xml
;;application/spirits-event+xml;spirits-event+xml
;;application/srgs;srgs
;;application/srgs+xml;srgs+xml
;;application/sru+xml;sru+xml
;;application/ssml+xml;ssml+xml
;;application/tamp-apex-update;tamp-apex-update
;;application/tamp-apex-update-confirm;tamp-apex-update-confirm
;;application/tamp-community-update;tamp-community-update
;;application/tamp-community-update-confirm;tamp-community-update-confirm
;;application/tamp-error;tamp-error
;;application/tamp-sequence-adjust;tamp-sequence-adjust
;;application/tamp-sequence-adjust-confirm;tamp-sequence-adjust-confirm
;;application/tamp-status-query;tamp-status-query
;;application/tamp-status-response;tamp-status-response
;;application/tamp-update;tamp-update
;;application/tamp-update-confirm;tamp-update-confirm
;;application/tei+xml;tei+xml
;;application/thraud+xml;thraud+xml
;;application/timestamp-query;timestamp-query
;;application/timestamp-reply;timestamp-reply
;;application/timestamped-data;timestamped-data
;;application/tve-trigger;tve-trigger
;;application/ulpfec;ulpfec
;;application/vemmi;vemmi
;;application/vnd.3gpp.bsf+xml;vnd.3gpp.bsf+xml
;;application/vnd.3gpp.pic-bw-large;vnd.3gpp.pic-bw-large
;;application/vnd.3gpp.pic-bw-small;vnd.3gpp.pic-bw-small
;;application/vnd.3gpp.pic-bw-var;vnd.3gpp.pic-bw-var
;;application/vnd.3gpp.sms;vnd.3gpp.sms
;;application/vnd.3gpp2.bcmcsinfo+xml;vnd.3gpp2.bcmcsinfo+xml
;;application/vnd.3gpp2.sms;vnd.3gpp2.sms
;;application/vnd.3gpp2.tcap;vnd.3gpp2.tcap
;;application/vnd.3M.Post-it-Notes;vnd.3M.Post-it-Notes
;;application/vnd.accpac.simply.aso;vnd.accpac.simply.aso
;;application/vnd.accpac.simply.imp;vnd.accpac.simply.imp
;;application/vnd.acucobol;vnd.acucobol
;;application/vnd.acucorp;vnd.acucorp
;;application/vnd.adobe.fxp;vnd.adobe.fxp
;;application/vnd.adobe.partial-upload;vnd.adobe.partial-upload
;;application/vnd.adobe.xdp+xml;vnd.adobe.xdp+xml
;;application/vnd.adobe.xfdf;vnd.adobe.xfdf
;;application/vnd.aether.imp;vnd.aether.imp
;;application/vnd.ah-barcode;vnd.ah-barcode
;;application/vnd.ahead.space;vnd.ahead.space
;;application/vnd.airzip.filesecure.azf;vnd.airzip.filesecure.azf
;;application/vnd.airzip.filesecure.azs;vnd.airzip.filesecure.azs
;;application/vnd.americandynamics.acc;vnd.americandynamics.acc
;;application/vnd.amiga.ami;vnd.amiga.ami
;;application/vnd.amundsen.maze+xml;vnd.amundsen.maze+xml
;;application/vnd.anser-web-certificate-issue-initiation;vnd.anser-web-certificate-issue-initiation
;;application/vnd.antix.game-component;vnd.antix.game-component
;;application/vnd.apple.mpegurl;vnd.apple.mpegurl
;;application/vnd.apple.installer+xml;vnd.apple.installer+xml
;;application/vnd.arastra.swi(OBSOLETE);vnd.arastra.swi(OBSOLETE)
;;application/vnd.aristanetworks.swi;vnd.aristanetworks.swi
;;application/vnd.audiograph;vnd.audiograph
;;application/vnd.autopackage;vnd.autopackage
;;application/vnd.avistar+xml;vnd.avistar+xml
;;application/vnd.blueice.multipass;vnd.blueice.multipass
;;application/vnd.bluetooth.ep.oob;vnd.bluetooth.ep.oob
;;application/vnd.bmi;vnd.bmi
;;application/vnd.businessobjects;vnd.businessobjects
;;application/vnd.cab-jscript;vnd.cab-jscript
;;application/vnd.canon-cpdl;vnd.canon-cpdl
;;application/vnd.canon-lips;vnd.canon-lips
;;application/vnd.cendio.thinlinc.clientconf;vnd.cendio.thinlinc.clientconf
;;application/vnd.chemdraw+xml;vnd.chemdraw+xml
;;application/vnd.chipnuts.karaoke-mmd;vnd.chipnuts.karaoke-mmd
;;application/vnd.cinderella;vnd.cinderella
;;application/vnd.cirpack.isdn-ext;vnd.cirpack.isdn-ext
;;application/vnd.claymore;vnd.claymore
;;application/vnd.cloanto.rp9;vnd.cloanto.rp9
;;application/vnd.clonk.c4group;vnd.clonk.c4group
;;application/vnd.cluetrust.cartomobile-config;vnd.cluetrust.cartomobile-config
;;application/vnd.cluetrust.cartomobile-config-pkg;vnd.cluetrust.cartomobile-config-pkg
;;application/vnd.commerce-battelle;vnd.commerce-battelle
;;application/vnd.commonspace;vnd.commonspace
;;application/vnd.cosmocaller;vnd.cosmocaller
;;application/vnd.contact.cmsg;vnd.contact.cmsg
;;application/vnd.crick.clicker;vnd.crick.clicker
;;application/vnd.crick.clicker.keyboard;vnd.crick.clicker.keyboard
;;application/vnd.crick.clicker.palette;vnd.crick.clicker.palette
;;application/vnd.crick.clicker.template;vnd.crick.clicker.template
;;application/vnd.crick.clicker.wordbank;vnd.crick.clicker.wordbank
;;application/vnd.criticaltools.wbs+xml;vnd.criticaltools.wbs+xml
;;application/vnd.ctc-posml;vnd.ctc-posml
;;application/vnd.ctct.ws+xml;vnd.ctct.ws+xml
;;application/vnd.cups-pdf;vnd.cups-pdf
;;application/vnd.cups-postscript;vnd.cups-postscript
;;application/vnd.cups-ppd;vnd.cups-ppd
;;application/vnd.cups-raster;vnd.cups-raster
;;application/vnd.cups-raw;vnd.cups-raw
;;application/vnd.curl;vnd.curl
;;application/vnd.cybank;vnd.cybank
;;application/vnd.data-vision.rdz;vnd.data-vision.rdz
;;application/vnd.dece.data;vnd.dece.data
;;application/vnd.dece.ttml+xml;vnd.dece.ttml+xml
;;application/vnd.dece.unspecified;vnd.dece.unspecified
;;application/vnd.denovo.fcselayout-link;vnd.denovo.fcselayout-link
;;application/vnd.dir-bi.plate-dl-nosuffix;vnd.dir-bi.plate-dl-nosuffix
;;application/vnd.dna;vnd.dna
;;application/vnd.dolby.mobile.1;vnd.dolby.mobile.1
;;application/vnd.dolby.mobile.2;vnd.dolby.mobile.2
;;application/vnd.dpgraph;vnd.dpgraph
;;application/vnd.dreamfactory;vnd.dreamfactory
;;application/vnd.dvb.dvbj;vnd.dvb.dvbj
;;application/vnd.dvb.esgcontainer;vnd.dvb.esgcontainer
;;application/vnd.dvb.ipdcdftnotifaccess;vnd.dvb.ipdcdftnotifaccess
;;application/vnd.dvb.ipdcesgaccess;vnd.dvb.ipdcesgaccess
;;application/vnd.dvb.ipdcesgaccess2;vnd.dvb.ipdcesgaccess2
;;application/vnd.dvb.ipdcesgpdd;vnd.dvb.ipdcesgpdd
;;application/vnd.dvb.ipdcroaming;vnd.dvb.ipdcroaming
;;application/vnd.dvb.iptv.alfec-base;vnd.dvb.iptv.alfec-base
;;application/vnd.dvb.iptv.alfec-enhancement;vnd.dvb.iptv.alfec-enhancement
;;application/vnd.dvb.notif-aggregate-root+xml;vnd.dvb.notif-aggregate-root+xml
;;application/vnd.dvb.notif-container+xml;vnd.dvb.notif-container+xml
;;application/vnd.dvb.notif-generic+xml;vnd.dvb.notif-generic+xml
;;application/vnd.dvb.notif-ia-msglist+xml;vnd.dvb.notif-ia-msglist+xml
;;application/vnd.dvb.notif-ia-registration-request+xml;vnd.dvb.notif-ia-registration-request+xml
;;application/vnd.dvb.notif-ia-registration-response+xml;vnd.dvb.notif-ia-registration-response+xml
;;application/vnd.dvb.notif-init+xml;vnd.dvb.notif-init+xml
;;application/vnd.dvb.pfr;vnd.dvb.pfr
;;application/vnd.dvb.service;vnd.dvb.service
;;application/vnd.dxr;vnd.dxr
;;application/vnd.dynageo;vnd.dynageo
;;application/vnd.easykaraoke.cdgdownload;vnd.easykaraoke.cdgdownload
;;application/vnd.ecdis-update;vnd.ecdis-update
;;application/vnd.ecowin.chart;vnd.ecowin.chart
;;application/vnd.ecowin.filerequest;vnd.ecowin.filerequest
;;application/vnd.ecowin.fileupdate;vnd.ecowin.fileupdate
;;application/vnd.ecowin.series;vnd.ecowin.series
;;application/vnd.ecowin.seriesrequest;vnd.ecowin.seriesrequest
;;application/vnd.ecowin.seriesupdate;vnd.ecowin.seriesupdate
;;application/vnd.emclient.accessrequest+xml;vnd.emclient.accessrequest+xml
;;application/vnd.enliven;vnd.enliven
;;application/vnd.epson.esf;vnd.epson.esf
;;application/vnd.epson.msf;vnd.epson.msf
;;application/vnd.epson.quickanime;vnd.epson.quickanime
;;application/vnd.epson.salt;vnd.epson.salt
;;application/vnd.epson.ssf;vnd.epson.ssf
;;application/vnd.ericsson.quickcall;vnd.ericsson.quickcall
;;application/vnd.eszigno3+xml;vnd.eszigno3+xml
;;application/vnd.etsi.aoc+xml;vnd.etsi.aoc+xml
;;application/vnd.etsi.cug+xml;vnd.etsi.cug+xml
;;application/vnd.etsi.iptvcommand+xml;vnd.etsi.iptvcommand+xml
;;application/vnd.etsi.iptvdiscovery+xml;vnd.etsi.iptvdiscovery+xml
;;application/vnd.etsi.iptvprofile+xml;vnd.etsi.iptvprofile+xml
;;application/vnd.etsi.iptvsad-bc+xml;vnd.etsi.iptvsad-bc+xml
;;application/vnd.etsi.iptvsad-cod+xml;vnd.etsi.iptvsad-cod+xml
;;application/vnd.etsi.iptvsad-npvr+xml;vnd.etsi.iptvsad-npvr+xml
;;application/vnd.etsi.iptvservice+xml;vnd.etsi.iptvservice+xml
;;application/vnd.etsi.iptvsync+xml;vnd.etsi.iptvsync+xml
;;application/vnd.etsi.iptvueprofile+xml;vnd.etsi.iptvueprofile+xml
;;application/vnd.etsi.mcid+xml;vnd.etsi.mcid+xml
;;application/vnd.etsi.overload-control-policy-dataset+xml;vnd.etsi.overload-control-policy-dataset+xml
;;application/vnd.etsi.sci+xml;vnd.etsi.sci+xml
;;application/vnd.etsi.simservs+xml;vnd.etsi.simservs+xml
;;application/vnd.etsi.tsl+xml;vnd.etsi.tsl+xml
;;application/vnd.etsi.tsl.der;vnd.etsi.tsl.der
;;application/vnd.eudora.data;vnd.eudora.data
;;application/vnd.ezpix-album;vnd.ezpix-album
;;application/vnd.ezpix-package;vnd.ezpix-package
;;application/vnd.f-secure.mobile;vnd.f-secure.mobile
;;application/vnd.fdf;vnd.fdf
;;application/vnd.fdsn.mseed;vnd.fdsn.mseed
;;application/vnd.fdsn.seed;vnd.fdsn.seed
;;application/vnd.ffsns;vnd.ffsns
;;application/vnd.fints;vnd.fints
;;application/vnd.FloGraphIt;vnd.FloGraphIt
;;application/vnd.fluxtime.clip;vnd.fluxtime.clip
;;application/vnd.font-fontforge-sfd;vnd.font-fontforge-sfd
;;application/vnd.framemaker;vnd.framemaker
;;application/vnd.frogans.fnc;vnd.frogans.fnc
;;application/vnd.frogans.ltf;vnd.frogans.ltf
;;application/vnd.fsc.weblaunch;vnd.fsc.weblaunch
;;application/vnd.fujitsu.oasys;vnd.fujitsu.oasys
;;application/vnd.fujitsu.oasys2;vnd.fujitsu.oasys2
;;application/vnd.fujitsu.oasys3;vnd.fujitsu.oasys3
;;application/vnd.fujitsu.oasysgp;vnd.fujitsu.oasysgp
;;application/vnd.fujitsu.oasysprs;vnd.fujitsu.oasysprs
;;application/vnd.fujixerox.ART4;vnd.fujixerox.ART4
;;application/vnd.fujixerox.ART-EX;vnd.fujixerox.ART-EX
;;application/vnd.fujixerox.ddd;vnd.fujixerox.ddd
;;application/vnd.fujixerox.docuworks;vnd.fujixerox.docuworks
;;application/vnd.fujixerox.docuworks.binder;vnd.fujixerox.docuworks.binder
;;application/vnd.fujixerox.HBPL;vnd.fujixerox.HBPL
;;application/vnd.fut-misnet;vnd.fut-misnet
;;application/vnd.fuzzysheet;vnd.fuzzysheet
;;application/vnd.genomatix.tuxedo;vnd.genomatix.tuxedo
;;application/vnd.geocube+xml;vnd.geocube+xml
;;application/vnd.geogebra.file;vnd.geogebra.file
;;application/vnd.geogebra.tool;vnd.geogebra.tool
;;application/vnd.geometry-explorer;vnd.geometry-explorer
;;application/vnd.geonext;vnd.geonext
;;application/vnd.geoplan;vnd.geoplan
;;application/vnd.geospace;vnd.geospace
;;application/vnd.globalplatform.card-content-mgt;vnd.globalplatform.card-content-mgt
;;application/vnd.globalplatform.card-content-mgt-response;vnd.globalplatform.card-content-mgt-response
;;application/vnd.gmx(OBSOLETE);vnd.gmx(OBSOLETE)
;;application/vnd.google-earth.kml+xml;vnd.google-earth.kml+xml
;;application/vnd.google-earth.kmz;vnd.google-earth.kmz
;;application/vnd.grafeq;vnd.grafeq
;;application/vnd.gridmp;vnd.gridmp
;;application/vnd.groove-account;vnd.groove-account
;;application/vnd.groove-help;vnd.groove-help
;;application/vnd.groove-identity-message;vnd.groove-identity-message
;;application/vnd.groove-injector;vnd.groove-injector
;;application/vnd.groove-tool-message;vnd.groove-tool-message
;;application/vnd.groove-tool-template;vnd.groove-tool-template
;;application/vnd.groove-vcard;vnd.groove-vcard
;;application/vnd.hal+xml;vnd.hal+xml
;;application/vnd.HandHeld-Entertainment+xml;vnd.HandHeld-Entertainment+xml
;;application/vnd.hbci;vnd.hbci
;;application/vnd.hcl-bireports;vnd.hcl-bireports
;;application/vnd.hhe.lesson-player;vnd.hhe.lesson-player
;;application/vnd.hp-HPGL;vnd.hp-HPGL
;;application/vnd.hp-hpid;vnd.hp-hpid
;;application/vnd.hp-hps;vnd.hp-hps
;;application/vnd.hp-jlyt;vnd.hp-jlyt
;;application/vnd.hp-PCL;vnd.hp-PCL
;;application/vnd.hp-PCLXL;vnd.hp-PCLXL
;;application/vnd.httphone;vnd.httphone
;;application/vnd.hydrostatix.sof-data;vnd.hydrostatix.sof-data
;;application/vnd.hzn-3d-crossword;vnd.hzn-3d-crossword
;;application/vnd.ibm.afplinedata;vnd.ibm.afplinedata
;;application/vnd.ibm.electronic-media;vnd.ibm.electronic-media
;;application/vnd.ibm.MiniPay;vnd.ibm.MiniPay
;;application/vnd.ibm.modcap;vnd.ibm.modcap
;;application/vnd.ibm.rights-management;vnd.ibm.rights-management
;;application/vnd.ibm.secure-container;vnd.ibm.secure-container
;;application/vnd.iccprofile;vnd.iccprofile
;;application/vnd.igloader;vnd.igloader
;;application/vnd.immervision-ivp;vnd.immervision-ivp
;;application/vnd.immervision-ivu;vnd.immervision-ivu
;;application/vnd.informedcontrol.rms+xml;vnd.informedcontrol.rms+xml
;;application/vnd.infotech.project;vnd.infotech.project
;;application/vnd.infotech.project+xml;vnd.infotech.project+xml
;;application/vnd.informix-visionary;vnd.informix-visionary
;;application/vnd.insors.igm;vnd.insors.igm
;;application/vnd.intercon.formnet;vnd.intercon.formnet
;;application/vnd.intergeo;vnd.intergeo
;;application/vnd.intertrust.digibox;vnd.intertrust.digibox
;;application/vnd.intertrust.nncp;vnd.intertrust.nncp
;;application/vnd.intu.qbo;vnd.intu.qbo
;;application/vnd.intu.qfx;vnd.intu.qfx
;;application/vnd.iptc.g2.conceptitem+xml;vnd.iptc.g2.conceptitem+xml
;;application/vnd.iptc.g2.knowledgeitem+xml;vnd.iptc.g2.knowledgeitem+xml
;;application/vnd.iptc.g2.newsitem+xml;vnd.iptc.g2.newsitem+xml
;;application/vnd.iptc.g2.packageitem+xml;vnd.iptc.g2.packageitem+xml
;;application/vnd.ipunplugged.rcprofile;vnd.ipunplugged.rcprofile
;;application/vnd.irepository.package+xml;vnd.irepository.package+xml
;;application/vnd.is-xpr;vnd.is-xpr
;;application/vnd.isac.fcs;vnd.isac.fcs
;;application/vnd.jam;vnd.jam
;;application/vnd.japannet-directory-service;vnd.japannet-directory-service
;;application/vnd.japannet-jpnstore-wakeup;vnd.japannet-jpnstore-wakeup
;;application/vnd.japannet-payment-wakeup;vnd.japannet-payment-wakeup
;;application/vnd.japannet-registration;vnd.japannet-registration
;;application/vnd.japannet-registration-wakeup;vnd.japannet-registration-wakeup
;;application/vnd.japannet-setstore-wakeup;vnd.japannet-setstore-wakeup
;;application/vnd.japannet-verification;vnd.japannet-verification
;;application/vnd.japannet-verification-wakeup;vnd.japannet-verification-wakeup
;;application/vnd.jcp.javame.midlet-rms;vnd.jcp.javame.midlet-rms
;;application/vnd.jisp;vnd.jisp
;;application/vnd.joost.joda-archive;vnd.joost.joda-archive
;;application/vnd.kahootz;vnd.kahootz
;;application/vnd.kde.karbon;vnd.kde.karbon
;;application/vnd.kde.kchart;vnd.kde.kchart
;;application/vnd.kde.kformula;vnd.kde.kformula
;;application/vnd.kde.kivio;vnd.kde.kivio
;;application/vnd.kde.kontour;vnd.kde.kontour
;;application/vnd.kde.kpresenter;vnd.kde.kpresenter
;;application/vnd.kde.kspread;vnd.kde.kspread
;;application/vnd.kde.kword;vnd.kde.kword
;;application/vnd.kenameaapp;vnd.kenameaapp
;;application/vnd.kidspiration;vnd.kidspiration
;;application/vnd.Kinar;vnd.Kinar
;;application/vnd.koan;vnd.koan
;;application/vnd.kodak-descriptor;vnd.kodak-descriptor
;;application/vnd.las.las+xml;vnd.las.las+xml
;;application/vnd.liberty-request+xml;vnd.liberty-request+xml
;;application/vnd.llamagraphics.life-balance.desktop;vnd.llamagraphics.life-balance.desktop
;;application/vnd.llamagraphics.life-balance.exchange+xml;vnd.llamagraphics.life-balance.exchange+xml
;;application/vnd.lotus-1-2-3;vnd.lotus-1-2-3
;;application/vnd.lotus-approach;vnd.lotus-approach
;;application/vnd.lotus-freelance;vnd.lotus-freelance
;;application/vnd.lotus-notes;vnd.lotus-notes
;;application/vnd.lotus-organizer;vnd.lotus-organizer
;;application/vnd.lotus-screencam;vnd.lotus-screencam
;;application/vnd.lotus-wordpro;vnd.lotus-wordpro
;;application/vnd.macports.portpkg;vnd.macports.portpkg
;;application/vnd.marlin.drm.actiontoken+xml;vnd.marlin.drm.actiontoken+xml
;;application/vnd.marlin.drm.conftoken+xml;vnd.marlin.drm.conftoken+xml
;;application/vnd.marlin.drm.license+xml;vnd.marlin.drm.license+xml
;;application/vnd.marlin.drm.mdcf;vnd.marlin.drm.mdcf
;;application/vnd.mcd;vnd.mcd
;;application/vnd.medcalcdata;vnd.medcalcdata
;;application/vnd.mediastation.cdkey;vnd.mediastation.cdkey
;;application/vnd.meridian-slingshot;vnd.meridian-slingshot
;;application/vnd.MFER;vnd.MFER
;;application/vnd.mfmp;vnd.mfmp
;;application/vnd.micrografx.flo;vnd.micrografx.flo
;;application/vnd.micrografx.igx;vnd.micrografx.igx
;;application/vnd.mif;vnd.mif
;;application/vnd.minisoft-hp3000-save;vnd.minisoft-hp3000-save
;;application/vnd.mitsubishi.misty-guard.trustweb;vnd.mitsubishi.misty-guard.trustweb
;;application/vnd.Mobius.DAF;vnd.Mobius.DAF
;;application/vnd.Mobius.DIS;vnd.Mobius.DIS
;;application/vnd.Mobius.MBK;vnd.Mobius.MBK
;;application/vnd.Mobius.MQY;vnd.Mobius.MQY
;;application/vnd.Mobius.MSL;vnd.Mobius.MSL
;;application/vnd.Mobius.PLC;vnd.Mobius.PLC
;;application/vnd.Mobius.TXF;vnd.Mobius.TXF
;;application/vnd.mophun.application;vnd.mophun.application
;;application/vnd.mophun.certificate;vnd.mophun.certificate
;;application/vnd.motorola.flexsuite;vnd.motorola.flexsuite
;;application/vnd.motorola.flexsuite.adsi;vnd.motorola.flexsuite.adsi
;;application/vnd.motorola.flexsuite.fis;vnd.motorola.flexsuite.fis
;;application/vnd.motorola.flexsuite.gotap;vnd.motorola.flexsuite.gotap
;;application/vnd.motorola.flexsuite.kmr;vnd.motorola.flexsuite.kmr
;;application/vnd.motorola.flexsuite.ttc;vnd.motorola.flexsuite.ttc
;;application/vnd.motorola.flexsuite.wem;vnd.motorola.flexsuite.wem
;;application/vnd.motorola.iprm;vnd.motorola.iprm
;;application/vnd.mozilla.xul+xml;vnd.mozilla.xul+xml
;;application/vnd.ms-artgalry;vnd.ms-artgalry
;;application/vnd.ms-asf;vnd.ms-asf
;;application/vnd.ms-cab-compressed;vnd.ms-cab-compressed
;;application/vnd.mseq;vnd.mseq
;;application/vnd.ms-excel;vnd.ms-excel
;;application/vnd.ms-excel.addin.macroEnabled.12;vnd.ms-excel.addin.macroEnabled.12
;;application/vnd.ms-excel.sheet.binary.macroEnabled.12;vnd.ms-excel.sheet.binary.macroEnabled.12
;;application/vnd.ms-excel.sheet.macroEnabled.12;vnd.ms-excel.sheet.macroEnabled.12
;;application/vnd.ms-excel.template.macroEnabled.12;vnd.ms-excel.template.macroEnabled.12
;;application/vnd.ms-fontobject;vnd.ms-fontobject
;;application/vnd.ms-htmlhelp;vnd.ms-htmlhelp
;;application/vnd.ms-office.activeX+xml;vnd.ms-office.activeX+xml
;;application/vnd.ms-officetheme;vnd.ms-officetheme
;;application/vnd.ms-powerpoint.slide.macroEnabled.12;vnd.ms-powerpoint.slide.macroEnabled.12
;;application/vnd.ms-powerpoint.slideshow.macroEnabled.12;vnd.ms-powerpoint.slideshow.macroEnabled.12
;;application/vnd.ms-powerpoint.template.macroEnabled.12;vnd.ms-powerpoint.template.macroEnabled.12
;;application/vnd.msign;vnd.msign
;;application/vnd.ms-ims;vnd.ms-ims
;;application/vnd.ms-lrm;vnd.ms-lrm
;;application/vnd.ms-playready.initiator+xml;vnd.ms-playready.initiator+xml
;;application/vnd.ms-powerpoint;vnd.ms-powerpoint
;;application/vnd.ms-project;vnd.ms-project
;;application/vnd.ms-tnef;vnd.ms-tnef
;;application/vnd.ms-wmdrm.lic-chlg-req;vnd.ms-wmdrm.lic-chlg-req
;;application/vnd.ms-wmdrm.lic-resp;vnd.ms-wmdrm.lic-resp
;;application/vnd.ms-wmdrm.meter-chlg-req;vnd.ms-wmdrm.meter-chlg-req
;;application/vnd.ms-wmdrm.meter-resp;vnd.ms-wmdrm.meter-resp
;;application/vnd.ms-word.document.macroEnabled.12;vnd.ms-word.document.macroEnabled.12
;;application/vnd.ms-word.template.macroEnabled.12;vnd.ms-word.template.macroEnabled.12
;;application/vnd.ms-works;vnd.ms-works
;;application/vnd.ms-wpl;vnd.ms-wpl
;;application/vnd.ms-xpsdocument;vnd.ms-xpsdocument
;;application/vnd.multiad.creator;vnd.multiad.creator
;;application/vnd.multiad.creator.cif;vnd.multiad.creator.cif
;;application/vnd.musician;vnd.musician
;;application/vnd.music-niff;vnd.music-niff
;;application/vnd.muvee.style;vnd.muvee.style
;;application/vnd.ncd.control;vnd.ncd.control
;;application/vnd.ncd.reference;vnd.ncd.reference
;;application/vnd.nervana;vnd.nervana
;;application/vnd.netfpx;vnd.netfpx
;;application/vnd.neurolanguage.nlu;vnd.neurolanguage.nlu
;;application/vnd.noblenet-directory;vnd.noblenet-directory
;;application/vnd.noblenet-sealer;vnd.noblenet-sealer
;;application/vnd.noblenet-web;vnd.noblenet-web
;;application/vnd.nokia.catalogs;vnd.nokia.catalogs
;;application/vnd.nokia.conml+wbxml;vnd.nokia.conml+wbxml
;;application/vnd.nokia.conml+xml;vnd.nokia.conml+xml
;;application/vnd.nokia.iptv.config+xml;vnd.nokia.iptv.config+xml
;;application/vnd.nokia.iSDS-radio-presets;vnd.nokia.iSDS-radio-presets
;;application/vnd.nokia.landmark+wbxml;vnd.nokia.landmark+wbxml
;;application/vnd.nokia.landmark+xml;vnd.nokia.landmark+xml
;;application/vnd.nokia.landmarkcollection+xml;vnd.nokia.landmarkcollection+xml
;;application/vnd.nokia.ncd;vnd.nokia.ncd
;;application/vnd.nokia.n-gage.ac+xml;vnd.nokia.n-gage.ac+xml
;;application/vnd.nokia.n-gage.data;vnd.nokia.n-gage.data
;;application/vnd.nokia.n-gage.symbian.install;vnd.nokia.n-gage.symbian.install
;;application/vnd.nokia.pcd+wbxml;vnd.nokia.pcd+wbxml
;;application/vnd.nokia.pcd+xml;vnd.nokia.pcd+xml
;;application/vnd.nokia.radio-preset;vnd.nokia.radio-preset
;;application/vnd.nokia.radio-presets;vnd.nokia.radio-presets
;;application/vnd.novadigm.EDM;vnd.novadigm.EDM
;;application/vnd.novadigm.EDX;vnd.novadigm.EDX
;;application/vnd.novadigm.EXT;vnd.novadigm.EXT
;;application/vnd.ntt-local.file-transfer;vnd.ntt-local.file-transfer
;;application/vnd.ntt-local.sip-ta_remote;vnd.ntt-local.sip-ta_remote
;;application/vnd.ntt-local.sip-ta_tcp_stream;vnd.ntt-local.sip-ta_tcp_stream
;;application/vnd.oasis.opendocument.chart;vnd.oasis.opendocument.chart
;;application/vnd.oasis.opendocument.chart-template;vnd.oasis.opendocument.chart-template
;;application/vnd.oasis.opendocument.database;vnd.oasis.opendocument.database
;;application/vnd.oasis.opendocument.formula;vnd.oasis.opendocument.formula
;;application/vnd.oasis.opendocument.formula-template;vnd.oasis.opendocument.formula-template
;;application/vnd.oasis.opendocument.graphics;vnd.oasis.opendocument.graphics
;;application/vnd.oasis.opendocument.graphics-template;vnd.oasis.opendocument.graphics-template
;;application/vnd.oasis.opendocument.image;vnd.oasis.opendocument.image
;;application/vnd.oasis.opendocument.image-template;vnd.oasis.opendocument.image-template
;;application/vnd.oasis.opendocument.presentation;vnd.oasis.opendocument.presentation
;;application/vnd.oasis.opendocument.presentation-template;vnd.oasis.opendocument.presentation-template
;;application/vnd.oasis.opendocument.spreadsheet;vnd.oasis.opendocument.spreadsheet
;;application/vnd.oasis.opendocument.spreadsheet-template;vnd.oasis.opendocument.spreadsheet-template
;;application/vnd.oasis.opendocument.text;vnd.oasis.opendocument.text
;;application/vnd.oasis.opendocument.text-master;vnd.oasis.opendocument.text-master
;;application/vnd.oasis.opendocument.text-template;vnd.oasis.opendocument.text-template
;;application/vnd.oasis.opendocument.text-web;vnd.oasis.opendocument.text-web
;;application/vnd.obn;vnd.obn
;;application/vnd.oipf.contentaccessdownload+xml;vnd.oipf.contentaccessdownload+xml
;;application/vnd.oipf.contentaccessstreaming+xml;vnd.oipf.contentaccessstreaming+xml
;;application/vnd.oipf.cspg-hexbinary;vnd.oipf.cspg-hexbinary
;;application/vnd.oipf.dae.svg+xml;vnd.oipf.dae.svg+xml
;;application/vnd.oipf.dae.xhtml+xml;vnd.oipf.dae.xhtml+xml
;;application/vnd.oipf.mippvcontrolmessage+xml;vnd.oipf.mippvcontrolmessage+xml
;;application/vnd.oipf.spdiscovery+xml;vnd.oipf.spdiscovery+xml
;;application/vnd.oipf.spdlist+xml;vnd.oipf.spdlist+xml
;;application/vnd.oipf.ueprofile+xml;vnd.oipf.ueprofile+xml
;;application/vnd.oipf.userprofile+xml;vnd.oipf.userprofile+xml
;;application/vnd.olpc-sugar;vnd.olpc-sugar
;;application/vnd.oma.bcast.associated-procedure-parameter+xml;vnd.oma.bcast.associated-procedure-parameter+xml
;;application/vnd.oma.bcast.drm-trigger+xml;vnd.oma.bcast.drm-trigger+xml
;;application/vnd.oma.bcast.imd+xml;vnd.oma.bcast.imd+xml
;;application/vnd.oma.bcast.ltkm;vnd.oma.bcast.ltkm
;;application/vnd.oma.bcast.notification+xml;vnd.oma.bcast.notification+xml
;;application/vnd.oma.bcast.provisioningtrigger;vnd.oma.bcast.provisioningtrigger
;;application/vnd.oma.bcast.sgboot;vnd.oma.bcast.sgboot
;;application/vnd.oma.bcast.sgdd+xml;vnd.oma.bcast.sgdd+xml
;;application/vnd.oma.bcast.sgdu;vnd.oma.bcast.sgdu
;;application/vnd.oma.bcast.simple-symbol-container;vnd.oma.bcast.simple-symbol-container
;;application/vnd.oma.bcast.smartcard-trigger+xml;vnd.oma.bcast.smartcard-trigger+xml
;;application/vnd.oma.bcast.sprov+xml;vnd.oma.bcast.sprov+xml
;;application/vnd.oma.bcast.stkm;vnd.oma.bcast.stkm
;;application/vnd.oma.cab-address-book+xml;vnd.oma.cab-address-book+xml
;;application/vnd.oma.cab-feature-handler+xml;vnd.oma.cab-feature-handler+xml
;;application/vnd.oma.cab-pcc+xml;vnd.oma.cab-pcc+xml
;;application/vnd.oma.cab-user-prefs+xml;vnd.oma.cab-user-prefs+xml
;;application/vnd.oma.dcd;vnd.oma.dcd
;;application/vnd.oma.dcdc;vnd.oma.dcdc
;;application/vnd.oma.dd2+xml;vnd.oma.dd2+xml
;;application/vnd.oma.drm.risd+xml;vnd.oma.drm.risd+xml
;;application/vnd.oma.group-usage-list+xml;vnd.oma.group-usage-list+xml
;;application/vnd.oma.poc.detailed-progress-report+xml;vnd.oma.poc.detailed-progress-report+xml
;;application/vnd.oma.poc.final-report+xml;vnd.oma.poc.final-report+xml
;;application/vnd.oma.poc.groups+xml;vnd.oma.poc.groups+xml
;;application/vnd.oma.poc.invocation-descriptor+xml;vnd.oma.poc.invocation-descriptor+xml
;;application/vnd.oma.poc.optimized-progress-report+xml;vnd.oma.poc.optimized-progress-report+xml
;;application/vnd.oma.push;vnd.oma.push
;;application/vnd.oma.scidm.messages+xml;vnd.oma.scidm.messages+xml
;;application/vnd.oma.xcap-directory+xml;vnd.oma.xcap-directory+xml
;;application/vnd.omads-email+xml;vnd.omads-email+xml
;;application/vnd.omads-file+xml;vnd.omads-file+xml
;;application/vnd.omads-folder+xml;vnd.omads-folder+xml
;;application/vnd.omaloc-supl-init;vnd.omaloc-supl-init
;;application/vnd.oma-scws-config;vnd.oma-scws-config
;;application/vnd.oma-scws-http-request;vnd.oma-scws-http-request
;;application/vnd.oma-scws-http-response;vnd.oma-scws-http-response
;;application/vnd.openofficeorg.extension;vnd.openofficeorg.extension
;;application/vnd.openxmlformats-officedocument.custom-properties+xml;vnd.openxmlformats-officedocument.custom-properties+xml
;;application/vnd.openxmlformats-officedocument.customXmlProperties+xml;vnd.openxmlformats-officedocument.customXmlProperties+xml
;;application/vnd.openxmlformats-officedocument.drawing+xml;vnd.openxmlformats-officedocument.drawing+xml
;;application/vnd.openxmlformats-officedocument.drawingml.chart+xml;vnd.openxmlformats-officedocument.drawingml.chart+xml
;;application/vnd.openxmlformats-officedocument.drawingml.chartshapes+xml;vnd.openxmlformats-officedocument.drawingml.chartshapes+xml
;;application/vnd.openxmlformats-officedocument.drawingml.diagramColors+xml;vnd.openxmlformats-officedocument.drawingml.diagramColors+xml
;;application/vnd.openxmlformats-officedocument.drawingml.diagramData+xml;vnd.openxmlformats-officedocument.drawingml.diagramData+xml
;;application/vnd.openxmlformats-officedocument.drawingml.diagramLayout+xml;vnd.openxmlformats-officedocument.drawingml.diagramLayout+xml
;;application/vnd.openxmlformats-officedocument.drawingml.diagramStyle+xml;vnd.openxmlformats-officedocument.drawingml.diagramStyle+xml
;;application/vnd.openxmlformats-officedocument.extended-properties+xml;vnd.openxmlformats-officedocument.extended-properties+xml
;;application/vnd.openxmlformats-officedocument.presentationml.commentAuthors+xml;vnd.openxmlformats-officedocument.presentationml.commentAuthors+xml
;;application/vnd.openxmlformats-officedocument.presentationml.comments+xml;vnd.openxmlformats-officedocument.presentationml.comments+xml
;;application/vnd.openxmlformats-officedocument.presentationml.handoutMaster+xml;vnd.openxmlformats-officedocument.presentationml.handoutMaster+xml
;;application/vnd.openxmlformats-officedocument.presentationml.notesMaster+xml;vnd.openxmlformats-officedocument.presentationml.notesMaster+xml
;;application/vnd.openxmlformats-officedocument.presentationml.notesSlide+xml;vnd.openxmlformats-officedocument.presentationml.notesSlide+xml
;;application/vnd.openxmlformats-officedocument.presentationml.presentation.main+xml;vnd.openxmlformats-officedocument.presentationml.presentation.main+xml
;;application/vnd.openxmlformats-officedocument.presentationml.presProps+xml;vnd.openxmlformats-officedocument.presentationml.presProps+xml
;;application/vnd.openxmlformats-officedocument.presentationml.slide+xml;vnd.openxmlformats-officedocument.presentationml.slide+xml
;;application/vnd.openxmlformats-officedocument.presentationml.slideLayout+xml;vnd.openxmlformats-officedocument.presentationml.slideLayout+xml
;;application/vnd.openxmlformats-officedocument.presentationml.slideMaster+xml;vnd.openxmlformats-officedocument.presentationml.slideMaster+xml
;;application/vnd.openxmlformats-officedocument.presentationml.slideshow.main+xml;vnd.openxmlformats-officedocument.presentationml.slideshow.main+xml
;;application/vnd.openxmlformats-officedocument.presentationml.slideUpdateInfo+xml;vnd.openxmlformats-officedocument.presentationml.slideUpdateInfo+xml
;;application/vnd.openxmlformats-officedocument.presentationml.tableStyles+xml;vnd.openxmlformats-officedocument.presentationml.tableStyles+xml
;;application/vnd.openxmlformats-officedocument.presentationml.tags+xml;vnd.openxmlformats-officedocument.presentationml.tags+xml
;;application/vnd.openxmlformats-officedocument.presentationml.template.main+xml;vnd.openxmlformats-officedocument.presentationml.template.main+xml
;;application/vnd.openxmlformats-officedocument.presentationml.viewProps+xml;vnd.openxmlformats-officedocument.presentationml.viewProps+xml
;;application/vnd.openxmlformats-officedocument.spreadsheetml.calcChain+xml;vnd.openxmlformats-officedocument.spreadsheetml.calcChain+xml
;;application/vnd.openxmlformats-officedocument.spreadsheetml.chartsheet+xml;vnd.openxmlformats-officedocument.spreadsheetml.chartsheet+xml
;;application/vnd.openxmlformats-officedocument.spreadsheetml.comments+xml;vnd.openxmlformats-officedocument.spreadsheetml.comments+xml
;;application/vnd.openxmlformats-officedocument.spreadsheetml.connections+xml;vnd.openxmlformats-officedocument.spreadsheetml.connections+xml
;;application/vnd.openxmlformats-officedocument.spreadsheetml.dialogsheet+xml;vnd.openxmlformats-officedocument.spreadsheetml.dialogsheet+xml
;;application/vnd.openxmlformats-officedocument.spreadsheetml.externalLink+xml;vnd.openxmlformats-officedocument.spreadsheetml.externalLink+xml
;;application/vnd.openxmlformats-officedocument.spreadsheetml.pivotCacheDefinition+xml;vnd.openxmlformats-officedocument.spreadsheetml.pivotCacheDefinition+xml
;;application/vnd.openxmlformats-officedocument.spreadsheetml.pivotCacheRecords+xml;vnd.openxmlformats-officedocument.spreadsheetml.pivotCacheRecords+xml
;;application/vnd.openxmlformats-officedocument.spreadsheetml.pivotTable+xml;vnd.openxmlformats-officedocument.spreadsheetml.pivotTable+xml
;;application/vnd.openxmlformats-officedocument.spreadsheetml.queryTable+xml;vnd.openxmlformats-officedocument.spreadsheetml.queryTable+xml
;;application/vnd.openxmlformats-officedocument.spreadsheetml.revisionHeaders+xml;vnd.openxmlformats-officedocument.spreadsheetml.revisionHeaders+xml
;;application/vnd.openxmlformats-officedocument.spreadsheetml.revisionLog+xml;vnd.openxmlformats-officedocument.spreadsheetml.revisionLog+xml
;;application/vnd.openxmlformats-officedocument.spreadsheetml.sharedStrings+xml;vnd.openxmlformats-officedocument.spreadsheetml.sharedStrings+xml
;;application/vnd.openxmlformats-officedocument.spreadsheetml.sheet.main+xml;vnd.openxmlformats-officedocument.spreadsheetml.sheet.main+xml
;;application/vnd.openxmlformats-officedocument.spreadsheetml.sheetMetadata+xml;vnd.openxmlformats-officedocument.spreadsheetml.sheetMetadata+xml
;;application/vnd.openxmlformats-officedocument.spreadsheetml.styles+xml;vnd.openxmlformats-officedocument.spreadsheetml.styles+xml
;;application/vnd.openxmlformats-officedocument.spreadsheetml.table+xml;vnd.openxmlformats-officedocument.spreadsheetml.table+xml
;;application/vnd.openxmlformats-officedocument.spreadsheetml.tableSingleCells+xml;vnd.openxmlformats-officedocument.spreadsheetml.tableSingleCells+xml
;;application/vnd.openxmlformats-officedocument.spreadsheetml.template.main+xml;vnd.openxmlformats-officedocument.spreadsheetml.template.main+xml
;;application/vnd.openxmlformats-officedocument.spreadsheetml.userNames+xml;vnd.openxmlformats-officedocument.spreadsheetml.userNames+xml
;;application/vnd.openxmlformats-officedocument.spreadsheetml.volatileDependencies+xml;vnd.openxmlformats-officedocument.spreadsheetml.volatileDependencies+xml
;;application/vnd.openxmlformats-officedocument.spreadsheetml.worksheet+xml;vnd.openxmlformats-officedocument.spreadsheetml.worksheet+xml
;;application/vnd.openxmlformats-officedocument.theme+xml;vnd.openxmlformats-officedocument.theme+xml
;;application/vnd.openxmlformats-officedocument.themeOverride+xml;vnd.openxmlformats-officedocument.themeOverride+xml
;;application/vnd.openxmlformats-officedocument.vmlDrawing;vnd.openxmlformats-officedocument.vmlDrawing
;;application/vnd.openxmlformats-officedocument.wordprocessingml.comments+xml;vnd.openxmlformats-officedocument.wordprocessingml.comments+xml
;;application/vnd.openxmlformats-officedocument.wordprocessingml.document.glossary+xml;vnd.openxmlformats-officedocument.wordprocessingml.document.glossary+xml
;;application/vnd.openxmlformats-officedocument.wordprocessingml.document.main+xml;vnd.openxmlformats-officedocument.wordprocessingml.document.main+xml
;;application/vnd.openxmlformats-officedocument.wordprocessingml.endnotes+xml;vnd.openxmlformats-officedocument.wordprocessingml.endnotes+xml
;;application/vnd.openxmlformats-officedocument.wordprocessingml.fontTable+xml;vnd.openxmlformats-officedocument.wordprocessingml.fontTable+xml
;;application/vnd.openxmlformats-officedocument.wordprocessingml.footer+xml;vnd.openxmlformats-officedocument.wordprocessingml.footer+xml
;;application/vnd.openxmlformats-officedocument.wordprocessingml.footnotes+xml;vnd.openxmlformats-officedocument.wordprocessingml.footnotes+xml
;;application/vnd.openxmlformats-officedocument.wordprocessingml.numbering+xml;vnd.openxmlformats-officedocument.wordprocessingml.numbering+xml
;;application/vnd.openxmlformats-officedocument.wordprocessingml.settings+xml;vnd.openxmlformats-officedocument.wordprocessingml.settings+xml
;;application/vnd.openxmlformats-officedocument.wordprocessingml.styles+xml;vnd.openxmlformats-officedocument.wordprocessingml.styles+xml
;;application/vnd.openxmlformats-officedocument.wordprocessingml.template.main+xml;vnd.openxmlformats-officedocument.wordprocessingml.template.main+xml
;;application/vnd.openxmlformats-officedocument.wordprocessingml.webSettings+xml;vnd.openxmlformats-officedocument.wordprocessingml.webSettings+xml
;;application/vnd.openxmlformats-package.core-properties+xml;vnd.openxmlformats-package.core-properties+xml
;;application/vnd.openxmlformats-package.digital-signature-xmlsignature+xml;vnd.openxmlformats-package.digital-signature-xmlsignature+xml
;;application/vnd.openxmlformats-package.relationships+xml;vnd.openxmlformats-package.relationships+xml
;;application/vnd.osa.netdeploy;vnd.osa.netdeploy
;;application/vnd.osgeo.mapguide.package;vnd.osgeo.mapguide.package
;;application/vnd.osgi.bundle;vnd.osgi.bundle
;;application/vnd.osgi.dp;vnd.osgi.dp
;;application/vnd.otps.ct-kip+xml;vnd.otps.ct-kip+xml
;;application/vnd.palm;vnd.palm
;;application/vnd.paos.xml;vnd.paos.xml
;;application/vnd.pawaafile;vnd.pawaafile
;;application/vnd.pg.format;vnd.pg.format
;;application/vnd.pg.osasli;vnd.pg.osasli
;;application/vnd.piaccess.application-licence;vnd.piaccess.application-licence
;;application/vnd.picsel;vnd.picsel
;;application/vnd.pmi.widget;vnd.pmi.widget
;;application/vnd.poc.group-advertisement+xml;vnd.poc.group-advertisement+xml
;;application/vnd.pocketlearn;vnd.pocketlearn
;;application/vnd.powerbuilder6;vnd.powerbuilder6
;;application/vnd.powerbuilder6-s;vnd.powerbuilder6-s
;;application/vnd.powerbuilder7;vnd.powerbuilder7
;;application/vnd.powerbuilder75;vnd.powerbuilder75
;;application/vnd.powerbuilder75-s;vnd.powerbuilder75-s
;;application/vnd.powerbuilder7-s;vnd.powerbuilder7-s
;;application/vnd.preminet;vnd.preminet
;;application/vnd.previewsystems.box;vnd.previewsystems.box
;;application/vnd.proteus.magazine;vnd.proteus.magazine
;;application/vnd.publishare-delta-tree;vnd.publishare-delta-tree
;;application/vnd.pvi.ptid1;vnd.pvi.ptid1
;;application/vnd.pwg-multiplexed;vnd.pwg-multiplexed
;;application/vnd.pwg-xhtml-print+xml;vnd.pwg-xhtml-print+xml
;;application/vnd.qualcomm.brew-app-res;vnd.qualcomm.brew-app-res
;;application/vnd.Quark.QuarkXPress;vnd.Quark.QuarkXPress
;;application/vnd.radisys.moml+xml;vnd.radisys.moml+xml
;;application/vnd.radisys.msml-audit-conf+xml;vnd.radisys.msml-audit-conf+xml
;;application/vnd.radisys.msml-audit-conn+xml;vnd.radisys.msml-audit-conn+xml
;;application/vnd.radisys.msml-audit-dialog+xml;vnd.radisys.msml-audit-dialog+xml
;;application/vnd.radisys.msml-audit-stream+xml;vnd.radisys.msml-audit-stream+xml
;;application/vnd.radisys.msml-audit+xml;vnd.radisys.msml-audit+xml
;;application/vnd.radisys.msml-conf+xml;vnd.radisys.msml-conf+xml
;;application/vnd.radisys.msml-dialog-base+xml;vnd.radisys.msml-dialog-base+xml
;;application/vnd.radisys.msml-dialog-fax-detect+xml;vnd.radisys.msml-dialog-fax-detect+xml
;;application/vnd.radisys.msml-dialog-fax-sendrecv+xml;vnd.radisys.msml-dialog-fax-sendrecv+xml
;;application/vnd.radisys.msml-dialog-group+xml;vnd.radisys.msml-dialog-group+xml
;;application/vnd.radisys.msml-dialog-speech+xml;vnd.radisys.msml-dialog-speech+xml
;;application/vnd.radisys.msml-dialog-transform+xml;vnd.radisys.msml-dialog-transform+xml
;;application/vnd.radisys.msml-dialog+xml;vnd.radisys.msml-dialog+xml
;;application/vnd.radisys.msml+xml;vnd.radisys.msml+xml
;;application/vnd.rapid;vnd.rapid
;;application/vnd.realvnc.bed;vnd.realvnc.bed
;;application/vnd.recordare.musicxml;vnd.recordare.musicxml
;;application/vnd.recordare.musicxml+xml;vnd.recordare.musicxml+xml
;;application/vnd.RenLearn.rlprint;vnd.RenLearn.rlprint
;;application/vnd.rig.cryptonote;vnd.rig.cryptonote
;;application/vnd.route66.link66+xml;vnd.route66.link66+xml
;;application/vnd.ruckus.download;vnd.ruckus.download
;;application/vnd.s3sms;vnd.s3sms
;;application/vnd.sailingtracker.track;vnd.sailingtracker.track
;;application/vnd.sbm.cid;vnd.sbm.cid
;;application/vnd.sbm.mid2;vnd.sbm.mid2
;;application/vnd.scribus;vnd.scribus
;;application/vnd.sealed.3df;vnd.sealed.3df
;;application/vnd.sealed.csf;vnd.sealed.csf
;;application/vnd.sealed.doc;vnd.sealed.doc
;;application/vnd.sealed.eml;vnd.sealed.eml
;;application/vnd.sealed.mht;vnd.sealed.mht
;;application/vnd.sealed.net;vnd.sealed.net
;;application/vnd.sealed.ppt;vnd.sealed.ppt
;;application/vnd.sealed.tiff;vnd.sealed.tiff
;;application/vnd.sealed.xls;vnd.sealed.xls
;;application/vnd.sealedmedia.softseal.html;vnd.sealedmedia.softseal.html
;;application/vnd.sealedmedia.softseal.pdf;vnd.sealedmedia.softseal.pdf
;;application/vnd.seemail;vnd.seemail
;;application/vnd.sema;vnd.sema
;;application/vnd.semd;vnd.semd
;;application/vnd.semf;vnd.semf
;;application/vnd.shana.informed.formdata;vnd.shana.informed.formdata
;;application/vnd.shana.informed.formtemplate;vnd.shana.informed.formtemplate
;;application/vnd.shana.informed.interchange;vnd.shana.informed.interchange
;;application/vnd.shana.informed.package;vnd.shana.informed.package
;;application/vnd.SimTech-MindMapper;vnd.SimTech-MindMapper
;;application/vnd.smaf;vnd.smaf
;;application/vnd.smart.notebook;vnd.smart.notebook
;;application/vnd.smart.teacher;vnd.smart.teacher
;;application/vnd.software602.filler.form+xml;vnd.software602.filler.form+xml
;;application/vnd.software602.filler.form-xml-zip;vnd.software602.filler.form-xml-zip
;;application/vnd.solent.sdkm+xml;vnd.solent.sdkm+xml
;;application/vnd.spotfire.dxp;vnd.spotfire.dxp
;;application/vnd.spotfire.sfs;vnd.spotfire.sfs
;;application/vnd.sss-cod;vnd.sss-cod
;;application/vnd.sss-dtf;vnd.sss-dtf
;;application/vnd.sss-ntf;vnd.sss-ntf
;;application/vnd.stepmania.stepchart;vnd.stepmania.stepchart
;;application/vnd.street-stream;vnd.street-stream
;;application/vnd.sun.wadl+xml;vnd.sun.wadl+xml
;;application/vnd.sus-calendar;vnd.sus-calendar
;;application/vnd.svd;vnd.svd
;;application/vnd.swiftview-ics;vnd.swiftview-ics
;;application/vnd.syncml.dm.notification;vnd.syncml.dm.notification
;;application/vnd.syncml.dm+wbxml;vnd.syncml.dm+wbxml
;;application/vnd.syncml.dm+xml;vnd.syncml.dm+xml
;;application/vnd.syncml.ds.notification;vnd.syncml.ds.notification
;;application/vnd.syncml+xml;vnd.syncml+xml
;;application/vnd.tao.intent-module-archive;vnd.tao.intent-module-archive
;;application/vnd.tmobile-livetv;vnd.tmobile-livetv
;;application/vnd.trid.tpt;vnd.trid.tpt
;;application/vnd.triscape.mxs;vnd.triscape.mxs
;;application/vnd.trueapp;vnd.trueapp
;;application/vnd.truedoc;vnd.truedoc
;;application/vnd.ubisoft.webplayer;vnd.ubisoft.webplayer
;;application/vnd.ufdl;vnd.ufdl
;;application/vnd.uiq.theme;vnd.uiq.theme
;;application/vnd.umajin;vnd.umajin
;;application/vnd.unity;vnd.unity
;;application/vnd.uoml+xml;vnd.uoml+xml
;;application/vnd.uplanet.alert;vnd.uplanet.alert
;;application/vnd.uplanet.alert-wbxml;vnd.uplanet.alert-wbxml
;;application/vnd.uplanet.bearer-choice;vnd.uplanet.bearer-choice
;;application/vnd.uplanet.bearer-choice-wbxml;vnd.uplanet.bearer-choice-wbxml
;;application/vnd.uplanet.cacheop;vnd.uplanet.cacheop
;;application/vnd.uplanet.cacheop-wbxml;vnd.uplanet.cacheop-wbxml
;;application/vnd.uplanet.channel;vnd.uplanet.channel
;;application/vnd.uplanet.channel-wbxml;vnd.uplanet.channel-wbxml
;;application/vnd.uplanet.list;vnd.uplanet.list
;;application/vnd.uplanet.listcmd;vnd.uplanet.listcmd
;;application/vnd.uplanet.listcmd-wbxml;vnd.uplanet.listcmd-wbxml
;;application/vnd.uplanet.list-wbxml;vnd.uplanet.list-wbxml
;;application/vnd.uplanet.signal;vnd.uplanet.signal
;;application/vnd.vcx;vnd.vcx
;;application/vnd.vd-study;vnd.vd-study
;;application/vnd.vectorworks;vnd.vectorworks
;;application/vnd.verimatrix.vcas;vnd.verimatrix.vcas
;;application/vnd.vidsoft.vidconference;vnd.vidsoft.vidconference
;;application/vnd.visio;vnd.visio
;;application/vnd.visionary;vnd.visionary
;;application/vnd.vividence.scriptfile;vnd.vividence.scriptfile
;;application/vnd.vsf;vnd.vsf
;;application/vnd.wap.sic;vnd.wap.sic
;;application/vnd.wap.slc;vnd.wap.slc
;;application/vnd.wap.wbxml;vnd.wap.wbxml
;;application/vnd.wap.wmlc;vnd.wap.wmlc
;;application/vnd.wap.wmlscriptc;vnd.wap.wmlscriptc
;;application/vnd.webturbo;vnd.webturbo
;;application/vnd.wfa.wsc;vnd.wfa.wsc
;;application/vnd.wmc;vnd.wmc
;;application/vnd.wmf.bootstrap;vnd.wmf.bootstrap
;;application/vnd.wolfram.mathematica;vnd.wolfram.mathematica
;;application/vnd.wolfram.mathematica.package;vnd.wolfram.mathematica.package
;;application/vnd.wolfram.player;vnd.wolfram.player
;;application/vnd.wordperfect;vnd.wordperfect
;;application/vnd.wqd;vnd.wqd
;;application/vnd.wrq-hp3000-labelled;vnd.wrq-hp3000-labelled
;;application/vnd.wt.stf;vnd.wt.stf
;;application/vnd.wv.csp+xml;vnd.wv.csp+xml
;;application/vnd.wv.csp+wbxml;vnd.wv.csp+wbxml
;;application/vnd.wv.ssp+xml;vnd.wv.ssp+xml
;;application/vnd.xara;vnd.xara
;;application/vnd.xfdl;vnd.xfdl
;;application/vnd.xfdl.webform;vnd.xfdl.webform
;;application/vnd.xmi+xml;vnd.xmi+xml
;;application/vnd.xmpie.cpkg;vnd.xmpie.cpkg
;;application/vnd.xmpie.dpkg;vnd.xmpie.dpkg
;;application/vnd.xmpie.plan;vnd.xmpie.plan
;;application/vnd.xmpie.ppkg;vnd.xmpie.ppkg
;;application/vnd.xmpie.xlim;vnd.xmpie.xlim
;;application/vnd.yamaha.hv-dic;vnd.yamaha.hv-dic
;;application/vnd.yamaha.hv-script;vnd.yamaha.hv-script
;;application/vnd.yamaha.hv-voice;vnd.yamaha.hv-voice
;;application/vnd.yamaha.openscoreformat.osfpvg+xml;vnd.yamaha.openscoreformat.osfpvg+xml
;;application/vnd.yamaha.openscoreformat;vnd.yamaha.openscoreformat
;;application/vnd.yamaha.smaf-audio;vnd.yamaha.smaf-audio
;;application/vnd.yamaha.smaf-phrase;vnd.yamaha.smaf-phrase
;;application/vnd.yamaha.tunnel-udpencap;vnd.yamaha.tunnel-udpencap
;;application/vnd.yellowriver-custom-menu;vnd.yellowriver-custom-menu
;;application/vnd.zul;vnd.zul
;;application/vnd.zzazz.deck+xml;vnd.zzazz.deck+xml
;;application/voicexml+xml;voicexml+xml
;;application/vq-rtcpxr;vq-rtcpxr
;;application/watcherinfo+xml;watcherinfo+xml
;;application/whoispp-query;whoispp-query
;;application/whoispp-response;whoispp-response
;;application/widget;widget
;;application/wita;wita
;;application/wordperfect5.1;wordperfect5.1
;;application/wsdl+xml;wsdl+xml
;;application/wspolicy+xml;wspolicy+xml
;;application/x400-bp;x400-bp
;;application/xcap-att+xml;xcap-att+xml
;;application/xcap-caps+xml;xcap-caps+xml
;;application/xcap-diff+xml;xcap-diff+xml
;;application/xcap-el+xml;xcap-el+xml
;;application/xcap-error+xml;xcap-error+xml
;;application/xcap-ns+xml;xcap-ns+xml
;;application/xcon-conference-info-diff+xml;xcon-conference-info-diff+xml
;;application/xcon-conference-info+xml;xcon-conference-info+xml
;;application/xenc+xml;xenc+xml
;;application/xhtml-voice+xml(Obsolete);xhtml-voice+xml(Obsolete)
;;application/xhtml+xml;xhtml+xml
;;application/xml;xml
;;application/xml-dtd;xml-dtd
;;application/xml-external-parsed-entity;xml-external-parsed-entity
;;application/xmpp+xml;xmpp+xml
;;application/xop+xml;xop+xml
;;application/xslt+xml;xslt+xml
;;application/xv+xml;xv+xml
;;application/yang;yang
;;application/yin+xml;yin+xml
;;application/zip;zip
;;audio/1d-interleaved-parityfec;1d-interleaved-parityfec
;;audio/32kadpcm;32kadpcm
;;audio/3gpp;3gpp
;;audio/3gpp2;3gpp2
;;audio/ac3;ac3
;;audio/AMR;AMR
;;audio/AMR-WB;AMR-WB
;;audio/amr-wb+;amr-wb+
;;audio/asc;asc
;;audio/ATRAC-ADVANCED-LOSSLESS;ATRAC-ADVANCED-LOSSLESS
;;audio/ATRAC-X;ATRAC-X
;;audio/ATRAC3;ATRAC3
;;audio/basic;basic
;;audio/BV16;BV16
;;audio/BV32;BV32
;;audio/clearmode;clearmode
;;audio/CN;CN
;;audio/DAT12;DAT12
;;audio/dls;dls
;;audio/dsr-es201108;dsr-es201108
;;audio/dsr-es202050;dsr-es202050
;;audio/dsr-es202211;dsr-es202211
;;audio/dsr-es202212;dsr-es202212
;;audio/eac3;eac3
;;audio/DVI4;DVI4
;;audio/EVRC;EVRC
;;audio/EVRC0;EVRC0
;;audio/EVRC1;EVRC1
;;audio/EVRCB;EVRCB
;;audio/EVRCB0;EVRCB0
;;audio/EVRCB1;EVRCB1
;;audio/EVRC-QCP;EVRC-QCP
;;audio/EVRCWB;EVRCWB
;;audio/EVRCWB0;EVRCWB0
;;audio/EVRCWB1;EVRCWB1
;;audio/example;example
;;audio/G719;G719
;;audio/G722;G722
;;audio/G7221;G7221
;;audio/G723;G723
;;audio/G726-16;G726-16
;;audio/G726-24;G726-24
;;audio/G726-32;G726-32
;;audio/G726-40;G726-40
;;audio/G728;G728
;;audio/G729;G729
;;audio/G7291;G7291
;;audio/G729D;G729D
;;audio/G729E;G729E
;;audio/GSM;GSM
;;audio/GSM-EFR;GSM-EFR
;;audio/GSM-HR-08;GSM-HR-08
;;audio/iLBC;iLBC
;;audio/L8;L8
;;audio/L16;L16
;;audio/L20;L20
;;audio/L24;L24
;;audio/LPC;LPC
;;audio/mobile-xmf;mobile-xmf
;;audio/MPA;MPA
;;audio/mp4;mp4
;;audio/MP4A-LATM;MP4A-LATM
;;audio/mpa-robust;mpa-robust
;;audio/mpeg;mpeg
;;audio/mpeg4-generic;mpeg4-generic
;;audio/ogg;ogg
;;audio/parityfec;parityfec
;;audio/PCMA;PCMA
;;audio/PCMA-WB;PCMA-WB
;;audio/PCMU;PCMU
;;audio/PCMU-WB;PCMU-WB
;;audio/prs.sid;prs.sid
;;audio/QCELP;QCELP
;;audio/RED;RED
;;audio/rtp-enc-aescm128;rtp-enc-aescm128
;;audio/rtp-midi;rtp-midi
;;audio/rtx;rtx
;;audio/SMV;SMV
;;audio/SMV0;SMV0
;;audio/SMV-QCP;SMV-QCP
;;audio/sp-midi;sp-midi
;;audio/speex;speex
;;audio/t140c;t140c
;;audio/t38;t38
;;audio/telephone-event;telephone-event
;;audio/tone;tone
;;audio/UEMCLIP;UEMCLIP
;;audio/ulpfec;ulpfec
;;audio/VDVI;VDVI
;;audio/VMR-WB;VMR-WB
;;audio/vnd.3gpp.iufp;vnd.3gpp.iufp
;;audio/vnd.4SB;vnd.4SB
;;audio/vnd.audiokoz;vnd.audiokoz
;;audio/vnd.CELP;vnd.CELP
;;audio/vnd.cisco.nse;vnd.cisco.nse
;;audio/vnd.cmles.radio-events;vnd.cmles.radio-events
;;audio/vnd.cns.anp1;vnd.cns.anp1
;;audio/vnd.cns.inf1;vnd.cns.inf1
;;audio/vnd.dece.audio;vnd.dece.audio
;;audio/vnd.digital-winds;vnd.digital-winds
;;audio/vnd.dlna.adts;vnd.dlna.adts
;;audio/vnd.dolby.heaac.1;vnd.dolby.heaac.1
;;audio/vnd.dolby.heaac.2;vnd.dolby.heaac.2
;;audio/vnd.dolby.mlp;vnd.dolby.mlp
;;audio/vnd.dolby.mps;vnd.dolby.mps
;;audio/vnd.dolby.pl2;vnd.dolby.pl2
;;audio/vnd.dolby.pl2x;vnd.dolby.pl2x
;;audio/vnd.dolby.pl2z;vnd.dolby.pl2z
;;audio/vnd.dolby.pulse.1;vnd.dolby.pulse.1
;;audio/vnd.dra;vnd.dra
;;audio/vnd.dts;vnd.dts
;;audio/vnd.dts.hd;vnd.dts.hd
;;audio/vnd.everad.plj;vnd.everad.plj
;;audio/vnd.hns.audio;vnd.hns.audio
;;audio/vnd.lucent.voice;vnd.lucent.voice
;;audio/vnd.ms-playready.media.pya;vnd.ms-playready.media.pya
;;audio/vnd.nokia.mobile-xmf;vnd.nokia.mobile-xmf
;;audio/vnd.nortel.vbk;vnd.nortel.vbk
;;audio/vnd.nuera.ecelp4800;vnd.nuera.ecelp4800
;;audio/vnd.nuera.ecelp7470;vnd.nuera.ecelp7470
;;audio/vnd.nuera.ecelp9600;vnd.nuera.ecelp9600
;;audio/vnd.octel.sbc;vnd.octel.sbc
;;audio/vnd.qcelp-DEPRECATED-Pleaseuseaudio/qcelp;vnd.qcelp-DEPRECATED-Pleaseuseaudio/qcelp
;;audio/vnd.rhetorex.32kadpcm;vnd.rhetorex.32kadpcm
;;audio/vnd.rip;vnd.rip
;;audio/vnd.sealedmedia.softseal.mpeg;vnd.sealedmedia.softseal.mpeg
;;audio/vnd.vmx.cvsd;vnd.vmx.cvsd
;;audio/vorbis;vorbis
;;audio/vorbis-config;vorbis-config
;;image/cgm;cgm
;;image/example;example
;;image/fits;fits
;;image/g3fax;g3fax
;;image/gif;gif
;;image/ief;ief
;;image/jp2;jp2
;;image/jpeg;jpeg
;;image/jpm;jpm
;;image/jpx;jpx
;;image/ktx;ktx
;;image/naplps;naplps
;;image/png;png
;;image/prs.btif;prs.btif
;;image/prs.pti;prs.pti
;;image/svg+xml;svg+xml
;;image/t38;t38
;;image/tiff;tiff
;;image/tiff-fx;tiff-fx
;;image/vnd.adobe.photoshop;vnd.adobe.photoshop
;;image/vnd.cns.inf2;vnd.cns.inf2
;;image/vnd.dece.graphic;vnd.dece.graphic
;;image/vnd.djvu;vnd.djvu
;;image/vnd.dvb.subtitle;vnd.dvb.subtitle
;;image/vnd.dwg;vnd.dwg
;;image/vnd.dxf;vnd.dxf
;;image/vnd.fastbidsheet;vnd.fastbidsheet
;;image/vnd.fpx;vnd.fpx
;;image/vnd.fst;vnd.fst
;;image/vnd.fujixerox.edmics-mmr;vnd.fujixerox.edmics-mmr
;;image/vnd.fujixerox.edmics-rlc;vnd.fujixerox.edmics-rlc
;;image/vnd.globalgraphics.pgb;vnd.globalgraphics.pgb
;;image/vnd.microsoft.icon;vnd.microsoft.icon
;;image/vnd.mix;vnd.mix
;;image/vnd.ms-modi;vnd.ms-modi
;;image/vnd.net-fpx;vnd.net-fpx
;;image/vnd.radiance;vnd.radiance
;;image/vnd.sealed.png;vnd.sealed.png
;;image/vnd.sealedmedia.softseal.gif;vnd.sealedmedia.softseal.gif
;;image/vnd.sealedmedia.softseal.jpg;vnd.sealedmedia.softseal.jpg
;;image/vnd.svf;vnd.svf
;;image/vnd.wap.wbmp;vnd.wap.wbmp
;;image/vnd.xiff;vnd.xiff
;;message/CPIM;CPIM
;;message/delivery-status;delivery-status
;;message/disposition-notification;disposition-notification
;;message/example;example
;;message/external-body;external-body
;;message/feedback-report;feedback-report
;;message/global;global
;;message/global-delivery-status;global-delivery-status
;;message/global-disposition-notification;global-disposition-notification
;;message/global-headers;global-headers
;;message/http;http
;;message/imdn+xml;imdn+xml
;;message/news(OBSOLETE);news(OBSOLETE)
;;message/partial;partial
;;message/rfc822;rfc822
;;message/s-http;s-http
;;message/sip;sip
;;message/sipfrag;sipfrag
;;message/tracking-status;tracking-status
;;message/vnd.si.simp;vnd.si.simp
;;model/example;example
;;model/iges;iges
;;model/mesh;mesh
;;model/vnd.collada+xml;vnd.collada+xml
;;model/vnd.dwf;vnd.dwf
;;model/vnd.flatland.3dml;vnd.flatland.3dml
;;model/vnd.gdl;vnd.gdl
;;model/vnd.gs-gdl;vnd.gs-gdl
;;model/vnd.gtw;vnd.gtw
;;model/vnd.moml+xml;vnd.moml+xml
;;model/vnd.mts;vnd.mts
;;model/vnd.parasolid.transmit.binary;vnd.parasolid.transmit.binary
;;model/vnd.parasolid.transmit.text;vnd.parasolid.transmit.text
;;model/vnd.vtu;vnd.vtu
;;model/vrml;vrml
;;multipart/alternative;alternative
;;multipart/appledouble;appledouble
;;multipart/byteranges;byteranges
;;multipart/digest;digest
;;multipart/encrypted;encrypted
;;multipart/example;example
;;multipart/form-data;form-data
;;multipart/header-set;header-set
;;multipart/mixed;mixed
;;multipart/parallel;parallel
;;multipart/related;related
;;multipart/report;report
;;multipart/signed;signed
;;multipart/voice-message;voice-message
;;text/1d-interleaved-parityfec;1d-interleaved-parityfec
;;text/calendar;calendar
;;text/css;css
;;text/csv;csv
;;text/directory;directory
;;text/dns;dns
;;text/ecmascript(obsolete);ecmascript(obsolete)
;;text/enriched;enriched
;;text/example;example
;;text/html;html
;;text/javascript(obsolete);javascript(obsolete)
;;text/parityfec;parityfec
;;text/plain;plain
;;text/prs.fallenstein.rst;prs.fallenstein.rst
;;text/prs.lines.tag;prs.lines.tag
;;text/RED;RED
;;text/rfc822-headers;rfc822-headers
;;text/richtext;richtext
;;text/rtf;rtf
;;text/rtp-enc-aescm128;rtp-enc-aescm128
;;text/rtx;rtx
;;text/sgml;sgml
;;text/t140;t140
;;text/tab-separated-values;tab-separated-values
;;text/troff;troff
;;text/ulpfec;ulpfec
;;text/uri-list;uri-list
;;text/vnd.abc;vnd.abc
;;text/vnd.curl;vnd.curl
;;text/vnd.DMClientScript;vnd.DMClientScript
;;text/vnd.esmertec.theme-descriptor;vnd.esmertec.theme-descriptor
;;text/vnd.fly;vnd.fly
;;text/vnd.fmi.flexstor;vnd.fmi.flexstor
;;text/vnd.graphviz;vnd.graphviz
;;text/vnd.in3d.3dml;vnd.in3d.3dml
;;text/vnd.in3d.spot;vnd.in3d.spot
;;text/vnd.IPTC.NewsML;vnd.IPTC.NewsML
;;text/vnd.IPTC.NITF;vnd.IPTC.NITF
;;text/vnd.latex-z;vnd.latex-z
;;text/vnd.motorola.reflex;vnd.motorola.reflex
;;text/vnd.ms-mediapackage;vnd.ms-mediapackage
;;text/vnd.net2phone.commcenter.command;vnd.net2phone.commcenter.command
;;text/vnd.radisys.msml-basic-layout;vnd.radisys.msml-basic-layout
;;text/vnd.si.uricatalogue;vnd.si.uricatalogue
;;text/vnd.sun.j2me.app-descriptor;vnd.sun.j2me.app-descriptor
;;text/vnd.trolltech.linguist;vnd.trolltech.linguist
;;text/vnd.wap.si;vnd.wap.si
;;text/vnd.wap.sl;vnd.wap.sl
;;text/vnd.wap.wml;vnd.wap.wml
;;text/vnd.wap.wmlscript;vnd.wap.wmlscript
;;text/xml;xml
;;text/xml-external-parsed-entity;xml-external-parsed-entity
;;video/1d-interleaved-parityfec;1d-interleaved-parityfec
;;video/3gpp;3gpp
;;video/3gpp2;3gpp2
;;video/3gpp-tt;3gpp-tt
;;video/BMPEG;BMPEG
;;video/BT656;BT656
;;video/CelB;CelB
;;video/DV;DV
;;video/example;example
;;video/H261;H261
;;video/H263;H263
;;video/H263-1998;H263-1998
;;video/H263-2000;H263-2000
;;video/H264;H264
;;video/H264-RCDO;H264-RCDO
;;video/H264-SVC;H264-SVC
;;video/JPEG;JPEG
;;video/jpeg2000;jpeg2000
;;video/MJ2;MJ2
;;video/MP1S;MP1S
;;video/MP2P;MP2P
;;video/MP2T;MP2T
;;video/mp4;mp4
;;video/MP4V-ES;MP4V-ES
;;video/MPV;MPV
;;video/mpeg;mpeg
;;video/mpeg4-generic;mpeg4-generic
;;video/nv;nv
;;video/ogg;ogg
;;video/parityfec;parityfec
;;video/pointer;pointer
;;video/quicktime;quicktime
;;video/raw;raw
;;video/rtp-enc-aescm128;rtp-enc-aescm128
;;video/rtx;rtx
;;video/SMPTE292M;SMPTE292M
;;video/ulpfec;ulpfec
;;video/vc1;vc1
;;video/vnd.CCTV;vnd.CCTV
;;video/vnd.dece.hd;vnd.dece.hd
;;video/vnd.dece.mobile;vnd.dece.mobile
;;video/vnd.dece.mp4;vnd.dece.mp4
;;video/vnd.dece.pd;vnd.dece.pd
;;video/vnd.dece.sd;vnd.dece.sd
;;video/vnd.dece.video;vnd.dece.video
;;video/vnd.directv.mpeg;vnd.directv.mpeg
;;video/vnd.directv.mpeg-tts;vnd.directv.mpeg-tts
;;video/vnd.dlna.mpeg-tts;vnd.dlna.mpeg-tts
;;video/vnd.fvt;vnd.fvt
;;video/vnd.hns.video;vnd.hns.video
;;video/vnd.iptvforum.1dparityfec-1010;vnd.iptvforum.1dparityfec-1010
;;video/vnd.iptvforum.1dparityfec-2005;vnd.iptvforum.1dparityfec-2005
;;video/vnd.iptvforum.2dparityfec-1010;vnd.iptvforum.2dparityfec-1010
;;video/vnd.iptvforum.2dparityfec-2005;vnd.iptvforum.2dparityfec-2005
;;video/vnd.iptvforum.ttsavc;vnd.iptvforum.ttsavc
;;video/vnd.iptvforum.ttsmpeg2;vnd.iptvforum.ttsmpeg2
;;video/vnd.motorola.video;vnd.motorola.video
;;video/vnd.motorola.videop;vnd.motorola.videop
;;video/vnd.mpegurl;vnd.mpegurl
;;video/vnd.ms-playready.media.pyv;vnd.ms-playready.media.pyv
;;video/vnd.nokia.interleaved-multimedia;vnd.nokia.interleaved-multimedia
;;video/vnd.nokia.videovoip;vnd.nokia.videovoip
;;video/vnd.objectvideo;vnd.objectvideo
;;video/vnd.sealed.mpeg1;vnd.sealed.mpeg1
;;video/vnd.sealed.mpeg4;vnd.sealed.mpeg4
;;video/vnd.sealed.swf;vnd.sealed.swf
;;video/vnd.sealedmedia.softseal.mov;vnd.sealedmedia.softseal.mov
;;video/vnd.uvvu.mp4;vnd.uvvu.mp4
;;video/vnd.vivo;vnd.vivo
